Workbook

Sheet Survey Questions
A1: Becoming — Post-Test Survey
A2: Use the questions below in your Google Form. The scale guidance is included so you can paste it as the form's description.
A3: Likert scale used: 1 = Strongly Disagree · 4 = Neutral · 7 = Strongly Agree (unless noted otherwise).
A5: # | B5: Section | C5: Question | D5: Type
B6: About you
A7: 1 | B7: About you | C7: Tester ID (the moderator fills this in) | D7: Short answer
A8: 2 | B8: About you | C8: Age range | D8: Multiple choice (18–24 / 25–29 / 30–34 / 35+)
A9: 3 | B9: About you | C9: Gender | D9: Multiple choice (F / M / NB / Prefer not to say)
A10: 4 | B10: About you | C10: Briefly: what do you do? | D10: Short answer
A11: 5 | B11: About you | C11: Have you used a wellness or reflection app before? | D11: Multiple choice (Yes, currently / Tried, stopped / Never)
B12: Daily Check-In
A13: 6 | B13: Daily Check-In | C13: The prompt I read felt like a real question, not a chore. | D13: Linear scale 1–7
A14: 7 | B14: Daily Check-In | C14: The breath felt welcome, not in the way. | D14: Linear scale 1–7
A15: 8 | B15: Daily Check-In | C15: 'I showed up' and 'Today is heavy' both felt like valid choices. | D15: Linear scale 1–7
A16: 9 | B16: Daily Check-In | C16: The Sky / Constellation motivated me without pressuring me. | D16: Linear scale 1–7
B17: AI Companion
A18: 10 | B18: AI Companion | C18: The Companion's tone felt right for me. | D18: Linear scale 1–7
A19: 11 | B19: AI Companion | C19: I trusted the Companion to respond appropriately. | D19: Linear scale 1–7
A20: 12 | B20: AI Companion | C20: The Companion remembered something I told it in onboarding. | D20: Linear scale 1–7
A21: 13 | B21: AI Companion | C21: The Companion offered presence before advice. | D21: Linear scale 1–7
A22: 14 | B22: AI Companion | C22: I felt safe being honest with the Companion. | D22: Linear scale 1–7
B23: Overall
A24: 15 | B24: Overall | C24: I would open Becoming on a hard day. | D24: Linear scale 1–7
A25: 16 | B25: Overall | C25: I would open Becoming on a normal day. | D25: Linear scale 1–7
A26: 17 | B26: Overall | C26: The system was easy to use. | D26: Linear scale 1–7
A27: 18 | B27: Overall | C27: The experience felt intuitive. | D27: Linear scale 1–7
A28: 19 | B28: Overall | C28: The 'You're Not Alone' counter felt comforting (not performative). | D28: Linear scale 1–7
A29: 20 | B29: Overall | C29: I would recommend Becoming to a friend who has hard days. | D29: Linear scale 1–7
A30: 21 | B30: Overall | C30: Pressure score: this experience made me feel pressured to perform. (lower is better) | D30: Linear scale 1–7
B31: Open text
A32: 22 | B32: Open text | C32: What was the most meaningful moment? | D32: Paragraph
A33: 23 | B33: Open text | C33: What was the most confusing or frustrating moment? | D33: Paragraph
A34: 24 | B34: Open text | C34: What would you change first? | D34: Paragraph
A35: 25 | B35: Open text | C35: Would you use Becoming for two weeks straight, including a hard week? Why or why not? | D35: Paragraph

Sheet Responses
A1: Becoming — Post-Test Survey · Responses (n = 10)
A3: Timestamp | B3: Tester ID | C3: Age range | D3: Gender | E3: Role / what do you do | F3: Prior app? | G3: Q6 Prompt felt real (1-7) | H3: Q7 Breath welcome (1-7) | I3: Q8 Both labels valid (1-7) | J3: Q9 Sky motivated, not pressured (1-7) | K3: Q10 Companion tone right (1-7) | L3: Q11 Trusted Companion (1-7) | M3: Q12 Companion remembered me (1-7) | N3: Q13 Presence before advice (1-7) | O3: Q14 Safe to be honest (1-7) | P3: Q15 Open on hard day (1-7) | Q3: Q16 Open on normal day (1-7) | R3: Q17 Easy to use (1-7) | S3: Q18 Felt intuitive (1-7) | T3: Q19 Counter comforting (1-7) | U3: Q20 Would recommend (1-7) | V3: Q21 Pressure (1-7, lower better) | W3: Q22 Most meaningful | X3: Q23 Most confusing | Y3: Q24 Would change first | Z3: Q25 Two-week intent
A4: 2026-04-29 10:14 | B4: P1 | C4: 18–24 | D4: F | E4: UX Student | F4: Tried, stopped | G4: 7 | H4: 7 | I4: 4 | J4: 6 | K4: 7 | L4: 7 | M4: 7 | N4: 7 | O4: 6 | P4: 7 | Q4: 5 | R4: 6 | S4: 5 | T4: 5 | U4: 7 | V4: 2 | W4: When the Companion offered to save 'soup and a sister' to Evening Reflection. The handoff felt like the rest of the app should be made of. | X4: Evening Reflection on its own. Empty field, no scaffold. Without the Companion handing me there I'd have skipped it. | Y4: Add an entry sentence to Evening Reflection. One line is enough. | Z4: Yes, including a hard week. The copy is trustworthy and the moments are paced right.
A5: 2026-04-29 11:02 | B5: P2 | C5: 18–24 | D5: F | E5: UX Student | F5: Tried, stopped | G5: 6 | H5: 6 | I5: 3 | J5: 6 | K5: 4 | L5: 5 | M5: 6 | N5: 5 | O5: 5 | P5: 6 | Q5: 4 | R5: 4 | S5: 4 | T5: 5 | U5: 5 | V5: 4 | W5: When I corrected it ('don't reflect me') and it just adjusted without apologising five times. Clean repair. | X5: First-turn 'It sounds like you're feeling…' That's a script. I can hear it. | Y5: Strip therapy-mimicry phrasing entirely. It breaks trust faster than anything else. | Z5: Maybe. If the script issue is fixed and the labels are renamed.
A6: 2026-04-29 14:30 | B6: P3 | C6: 18–24 | D6: M | E6: Service Design Student | F6: Tried, stopped | G6: 7 | H6: 6 | I6: 4 | J6: 7 | K6: 6 | L6: 6 | M6: 5 | N6: 6 | O6: 6 | P6: 6 | Q6: 5 | R6: 6 | S6: 5 | T6: 5 | U6: 6 | V6: 2 | W6: Coming back after a 3-day gap and getting 'Welcome back. Today is here.' Not 'you broke your streak.' That difference is everything. | X6: The Companion → Evening Reflection handoff is missing in 3 of the 4 places I'd expect it. The screens don't talk to each other. | Y6: Make the seams between Companion, Sky, and Evening Reflection talk. Right now each lives alone. | Z6: Yes. The recovery flow is the part most habit apps get wrong, and this one gets it right.
A7: 2026-04-29 16:15 | B7: P4 | C7: 25–29 | D7: F | E7: Freelance Illustrator | F7: Never | G7: 7 | H7: 6 | I7: 5 | J7: 7 | K7: 7 | L7: 7 | M7: 7 | N7: 7 | O7: 7 | P7: 7 | Q7: 6 | R7: 6 | S7: 6 | T7: 6 | U7: 7 | V7: 1 | W7: It referenced 'self-criticism' from onboarding without making a thing of it. Quiet memory, not look-at-me memory. | X7: Nothing confusing. One small note: the breath ring is a hair fast at the top. | Y7: Slow the breath top by ~200ms. Tiny change, big feel. | Z7: Yes, daily. This is the first one I'd actually keep.
A8: 2026-04-29 17:40 | B8: P5 | C8: 25–29 | D8: F | E8: Translator | F8: Never | G8: 6 | H8: 6 | I8: 2 | J8: 5 | K8: 5 | L8: 5 | M8: 5 | N8: 6 | O8: 5 | P8: 6 | Q8: 4 | R8: 5 | S8: 5 | T8: 4 | U8: 5 | V8: 4 | W8: 'I'm waiting to see what you want — talk it through, or land here?' Doesn't fill silence with fluency. Don't replace it. | X8: 'Done Anyway' / 'Not Today' carry moral concession. The labels are doing too much work. | Y8: Rename the labels. 'I showed up' / 'today is heavy.' Cheaper words, truer. | Z8: Yes — once the labels are fixed. The chat already passes my tests; the buttons don't.
A9: 2026-04-29 19:20 | B9: P6 | C9: 18–24 | D9: F | E9: Graphic Design Student | F9: Never | G9: 6 | H9: 6 | I9: 4 | J9: 5 | K9: 7 | L9: 6 | M9: 6 | N9: 7 | O9: 6 | P9: 6 | Q9: 5 | R9: 6 | S9: 6 | T9: 5 | U9: 6 | V9: 2 | W9: Short Companion replies. Right register for a small moment. | X9: Filled vs. ghost button — that's a hierarchy choice that biases the user. | Y9: Equalise the response buttons; +10% contrast on dim stars; tighten prompt-card padding. | Z9: Yes. The visual restraint matches the emotional restraint, which is rare.
A10: 2026-04-30 09:05 | B10: P7 | C10: 30–34 | D10: M | E10: Project Manager | F10: Tried, stopped | G10: 6 | H10: 5 | I10: 3 | J10: 5 | K10: 6 | L10: 6 | M10: 5 | N10: 6 | O10: 6 | P10: 6 | Q10: 4 | R10: 6 | S10: 5 | T10: 4 | U10: 5 | V10: 4 | W10: 'I have 90 seconds.' / 'Got it. I'll keep it short.' The Companion respected my time without comment. | X10: 'Not Today' calls me out. I'm not letting myself down — I just don't have bandwidth. | Y10: Rename Not Today. And hide the You're-Not-Alone counter when I pick the heavy option. | Z10: On a normal week, yes. On a 12-meeting day, only if it stays under 90 seconds.
A11: 2026-04-30 11:45 | B11: P8 | C11: 18–24 | D11: F | E11: Interactive Design Student | F11: Tried, stopped | G11: 6 | H11: 7 | I11: 5 | J11: 5 | K11: 7 | L11: 6 | M11: 6 | N11: 7 | O11: 7 | P11: 7 | Q11: 6 | R11: 6 | S11: 6 | T11: 5 | U11: 7 | V11: 2 | W11: 'A lot of people open me at 2am asking the same thing.' The counter as a sentence is a hug; as a number it's a stat. | X11: In/out breath haptics are identical. They blur — and the breath is the moment that should feel different. | Y11: Differentiate the breath haptics. Then test swipe-up as the response gesture. | Z11: Yes. 2am availability is the whole reason I'd keep it.
A12: 2026-04-30 14:30 | B12: P9 | C12: 18–24 | D12: NB | E12: UX Design Student | F12: Never | G12: 6 | H12: 6 | I12: 4 | J12: 5 | K12: 6 | L12: 6 | M12: 5 | N12: 6 | O12: 7 | P12: 6 | Q12: 5 | R12: 6 | S12: 5 | T12: 5 | U12: 6 | V12: 3 | W12: The crisis-response sequence: hear → AI disclosure → safety check → resources → return to presence. Right order. Don't change it. | X12: 'Done Anyway' baits the streak. I picked it for the wrong reason. | Y12: Lock the safety order in the doc. Add a clinical reviewer for Round 2 to validate the guardrail. | Z12: Yes. The safety floor is intact, which is the floor everything else sits on.
A13: 2026-04-30 16:50 | B13: P10 | C13: 30–34 | D13: M | E13: Animator | F13: Tried, stopped | G13: 6 | H13: 6 | I13: 5 | J13: 5 | K13: 7 | L13: 6 | M13: 7 | N13: 7 | O13: 7 | P13: 6 | Q13: 5 | R13: 6 | S13: 6 | T13: 5 | U13: 6 | V13: 2 | W13: 'A week of nights. I noticed.' I almost cried. Nobody notices my cadence. | X13: I see the gaps before the stars. Empty days read as absence, not as quiet. | Y13: Dim missed days at low intensity. Visual language should never read as absence. Also ease the breath out-curve. | Z13: Yes. The Companion's pacing alone earns two weeks.

Sheet Summary
A1: Becoming — Post-Test Survey · Summary
A3: Question | B3: Mean | C3: Min | D3: Max | E3: % scoring 6 or 7 | F3: % scoring 1–3
A4: Q6 Prompt felt real | B4: =ROUND(AVERAGE(Responses!G4:G13),2) -> 6.3 | C4: =MIN(Responses!G4:G13) -> 6 | D4: =MAX(Responses!G4:G13) -> 7 | E4: =COUNTIF(Responses!G4:G13,">=6")/COUNT(Responses!G4:G13) -> 1 | F4: =COUNTIF(Responses!G4:G13,"<=3")/COUNT(Responses!G4:G13) -> 0
A5: Q7 Breath welcome | B5: =ROUND(AVERAGE(Responses!H4:H13),2) -> 6.1 | C5: =MIN(Responses!H4:H13) -> 5 | D5: =MAX(Responses!H4:H13) -> 7 | E5: =COUNTIF(Responses!H4:H13,">=6")/COUNT(Responses!H4:H13) -> 0.9 | F5: =COUNTIF(Responses!H4:H13,"<=3")/COUNT(Responses!H4:H13) -> 0
A6: Q8 Both labels valid | B6: =ROUND(AVERAGE(Responses!I4:I13),2) -> 3.9 | C6: =MIN(Responses!I4:I13) -> 2 | D6: =MAX(Responses!I4:I13) -> 5 | E6: =COUNTIF(Responses!I4:I13,">=6")/COUNT(Responses!I4:I13) -> 0 | F6: =COUNTIF(Responses!I4:I13,"<=3")/COUNT(Responses!I4:I13) -> 0.3
A7: Q9 Sky motivated, not pressured | B7: =ROUND(AVERAGE(Responses!J4:J13),2) -> 5.6 | C7: =MIN(Responses!J4:J13) -> 5 | D7: =MAX(Responses!J4:J13) -> 7 | E7: =COUNTIF(Responses!J4:J13,">=6")/COUNT(Responses!J4:J13) -> 0.4 | F7: =COUNTIF(Responses!J4:J13,"<=3")/COUNT(Responses!J4:J13) -> 0
A8: Q10 Companion tone right | B8: =ROUND(AVERAGE(Responses!K4:K13),2) -> 6.2 | C8: =MIN(Responses!K4:K13) -> 4 | D8: =MAX(Responses!K4:K13) -> 7 | E8: =COUNTIF(Responses!K4:K13,">=6")/COUNT(Responses!K4:K13) -> 0.8 | F8: =COUNTIF(Responses!K4:K13,"<=3")/COUNT(Responses!K4:K13) -> 0
A9: Q11 Trusted Companion | B9: =ROUND(AVERAGE(Responses!L4:L13),2) -> 6 | C9: =MIN(Responses!L4:L13) -> 5 | D9: =MAX(Responses!L4:L13) -> 7 | E9: =COUNTIF(Responses!L4:L13,">=6")/COUNT(Responses!L4:L13) -> 0.8 | F9: =COUNTIF(Responses!L4:L13,"<=3")/COUNT(Responses!L4:L13) -> 0
A10: Q12 Companion remembered me | B10: =ROUND(AVERAGE(Responses!M4:M13),2) -> 5.9 | C10: =MIN(Responses!M4:M13) -> 5 | D10: =MAX(Responses!M4:M13) -> 7 | E10: =COUNTIF(Responses!M4:M13,">=6")/COUNT(Responses!M4:M13) -> 0.6 | F10: =COUNTIF(Responses!M4:M13,"<=3")/COUNT(Responses!M4:M13) -> 0
A11: Q13 Presence before advice | B11: =ROUND(AVERAGE(Responses!N4:N13),2) -> 6.4 | C11: =MIN(Responses!N4:N13) -> 5 | D11: =MAX(Responses!N4:N13) -> 7 | E11: =COUNTIF(Responses!N4:N13,">=6")/COUNT(Responses!N4:N13) -> 0.9 | F11: =COUNTIF(Responses!N4:N13,"<=3")/COUNT(Responses!N4:N13) -> 0
A12: Q14 Safe to be honest | B12: =ROUND(AVERAGE(Responses!O4:O13),2) -> 6.2 | C12: =MIN(Responses!O4:O13) -> 5 | D12: =MAX(Responses!O4:O13) -> 7 | E12: =COUNTIF(Responses!O4:O13,">=6")/COUNT(Responses!O4:O13) -> 0.8 | F12: =COUNTIF(Responses!O4:O13,"<=3")/COUNT(Responses!O4:O13) -> 0
A13: Q15 Open on hard day | B13: =ROUND(AVERAGE(Responses!P4:P13),2) -> 6.3 | C13: =MIN(Responses!P4:P13) -> 6 | D13: =MAX(Responses!P4:P13) -> 7 | E13: =COUNTIF(Responses!P4:P13,">=6")/COUNT(Responses!P4:P13) -> 1 | F13: =COUNTIF(Responses!P4:P13,"<=3")/COUNT(Responses!P4:P13) -> 0
A14: Q16 Open on normal day | B14: =ROUND(AVERAGE(Responses!Q4:Q13),2) -> 4.9 | C14: =MIN(Responses!Q4:Q13) -> 4 | D14: =MAX(Responses!Q4:Q13) -> 6 | E14: =COUNTIF(Responses!Q4:Q13,">=6")/COUNT(Responses!Q4:Q13) -> 0.2 | F14: =COUNTIF(Responses!Q4:Q13,"<=3")/COUNT(Responses!Q4:Q13) -> 0
A15: Q17 Easy to use | B15: =ROUND(AVERAGE(Responses!R4:R13),2) -> 5.7 | C15: =MIN(Responses!R4:R13) -> 4 | D15: =MAX(Responses!R4:R13) -> 6 | E15: =COUNTIF(Responses!R4:R13,">=6")/COUNT(Responses!R4:R13) -> 0.8 | F15: =COUNTIF(Responses!R4:R13,"<=3")/COUNT(Responses!R4:R13) -> 0
A16: Q18 Felt intuitive | B16: =ROUND(AVERAGE(Responses!S4:S13),2) -> 5.3 | C16: =MIN(Responses!S4:S13) -> 4 | D16: =MAX(Responses!S4:S13) -> 6 | E16: =COUNTIF(Responses!S4:S13,">=6")/COUNT(Responses!S4:S13) -> 0.4 | F16: =COUNTIF(Responses!S4:S13,"<=3")/COUNT(Responses!S4:S13) -> 0
A17: Q19 Counter comforting | B17: =ROUND(AVERAGE(Responses!T4:T13),2) -> 4.9 | C17: =MIN(Responses!T4:T13) -> 4 | D17: =MAX(Responses!T4:T13) -> 6 | E17: =COUNTIF(Responses!T4:T13,">=6")/COUNT(Responses!T4:T13) -> 0.1 | F17: =COUNTIF(Responses!T4:T13,"<=3")/COUNT(Responses!T4:T13) -> 0
A18: Q20 Would recommend | B18: =ROUND(AVERAGE(Responses!U4:U13),2) -> 6 | C18: =MIN(Responses!U4:U13) -> 5 | D18: =MAX(Responses!U4:U13) -> 7 | E18: =COUNTIF(Responses!U4:U13,">=6")/COUNT(Responses!U4:U13) -> 0.7 | F18: =COUNTIF(Responses!U4:U13,"<=3")/COUNT(Responses!U4:U13) -> 0
A19: Q21 Pressure (lower=better) | B19: =ROUND(AVERAGE(Responses!V4:V13),2) -> 2.6 | C19: =MIN(Responses!V4:V13) -> 1 | D19: =MAX(Responses!V4:V13) -> 4 | E19: =COUNTIF(Responses!V4:V13,">=6")/COUNT(Responses!V4:V13) -> 0 | F19: =COUNTIF(Responses!V4:V13,"<=3")/COUNT(Responses!V4:V13) -> 0.7
A22: Open-text themes (manual coding pass)
A23: Most meaningful | B23: Companion → Evening Reflection handoff (P1, P3); onboarding-context recall (P4); cadence noticed (P10); 'witness, not fix' / 'a lot of people open me at 2am' patterns (P3, P8).
A24: Most confusing | B24: Done Anyway / Not Today labels read as moral judgment (P2, P5, P7, P9); Evening Reflection has no scaffold (P1); Companion mimics therapy-script (P2); breath haptic / motion details (P4, P8, P10).
A25: First fix | B25: Rename labels to 'I showed up' / 'Today is heavy' (P5, P7); equalise response button weight (P6); strip therapy-mimicry (P2); Companion ↔ Reflection edges (P3); motion polish (P4, P10).
A26: Two-week intent | B26: 8 of 10 → Yes. 2 conditional on label rename. Strongest signal: hard-week willingness.
